{
  "learning_rate": 1.0398347061341848e-05,
  "gamma": 0.9407579694031281,
  "net_arch": [
    64,
    64
  ]
}