{
  "learning_rate": 2.8168870899705927e-05,
  "gamma": 0.8516228134847857,
  "net_arch": [
    64,
    64
  ]
}