{
  "learning_rate": 0.0005399484409787432,
  "gamma": 0.9595103861625777,
  "net_arch": [
    256,
    256
  ],
  "learning_starts": 1000
}