{
  "learning_rate": 5.6115164153345e-05,
  "gamma": 0.9916564316550776,
  "net_arch": [
    64,
    64
  ]
}