{
  "learning_rate": 0.00021137059440645722,
  "gamma": 0.8964449503373222,
  "net_arch": [
    128,
    128
  ]
}