{
  "learning_rate": 0.0008971270805430311,
  "gamma": 0.9553262389274892,
  "net_arch": [
    128,
    128
  ],
  "learning_starts": 1000
}