{
  "learning_rate": 1.7541893487450798e-05,
  "gamma": 0.9237813596065793,
  "net_arch": [
    128,
    128
  ],
  "buffer_size": 20000
}