{
  "learning_rate": 1.0994335574766187e-05,
  "gamma": 0.9945165679721372,
  "net_arch": [
    64,
    64
  ]
}