{
  "learning_rate": 0.00029978582191230574,
  "gamma": 0.9473277176845656,
  "net_arch": [
    256,
    256
  ]
}